DROP TABLE IF EXISTS BetTypes
GO
CREATE TABLE BetTypes
(
  ID INT NOT NULL PRIMARY KEY,
  BetType VARCHAR(256) NOT NULL
)
GO
INSERT INTO BetTypes (ID, BetType) VALUES
  (1, 'Win1'), (2, 'Draw'), (3, 'Win2'), (4, 'Win1+Draw'), (5, 'Win1+Win2'), (6, 'Draw+Win2'),
  (9, 'TotalGreat'), (10, 'TotalLess'), (11, 'IndTotal1Great'), (12, 'IndTotal1Less'), (13, 'IndTotal2Great'), (14, 'IndTotal2Less')
GO
DROP TABLE IF EXISTS Leagues
GO
CREATE TABLE Leagues
(
  ID INT NOT NULL PRIMARY KEY,
  Name VARCHAR(256) NOT NULL
)
GO
INSERT INTO Leagues (ID, Name) VALUES
  (225733, 'Russia-Premier-League'), (88637, 'England-Premier-League'), (96463, 'Germany-Bundesliga'),
  (127733, 'Spain-Primera-Divisin'), (110163, 'Italy-Serie-A'), (12821, 'France-Ligue-1'),
  (118587, 'UEFA-Champions-League'), (118593, 'UEFA-Europa-League')
GO
DROP TABLE IF EXISTS Teams
GO
CREATE TABLE Teams
(
  ID INT NOT NULL PRIMARY KEY,
  Name VARCHAR(256) NOT NULL
)
GO
DROP TABLE IF EXISTS Matches
GO
CREATE TABLE Matches
(
  ID INT NOT NULL PRIMARY KEY,
  LeagueID INT NOT NULL,
  Team1ID INT NOT NULL,
  Team2ID INT NOT NULL,
  StartedAt DATETIME NOT NULL
)
GO
DROP TABLE IF EXISTS Bets
GO
CREATE TABLE Bets
(
  ID INT NOT NULL IDENTITY(1, 1) PRIMARY KEY,
  MatchID INT NOT NULL,
  BetTypeID INT NOT NULL,
  BetParam FLOAT NULL,
  Value FLOAT NOT NULL,
  ReceivedAt DATETIME NOT NULL
)
GO
-- INSERT INTO Teams
-- INSERT INTO Matches
-- INSERT INTO Bets
-- INSERT INTO Teams (ID, Name) VALUES (1, 'Team1'), (2, 'Team2')
-- INSERT INTO Matches (ID, LeagueID, Team1ID, Team2ID, StartedAt) VALUES (1, 2, 3, 4, '2018-03-31 11:30:00.000'), (2, 2, 3, 4, '2018-03-31 11:30:00.000') 
-- INSERT INTO Bets (MatchID, BetTypeID, BetParam, Value, ReceivedAt) VALUES (1, 2, 3.0, 4.0, '2018-03-31 11:30:00.000'), (1, 2, 3.0, 4.0, '2018-03-31 11:30:00.000')
INSERT INTO Teams (ID, Name) VALUES (11129, 'Zenit Saint Petersburg'), (11549, 'CSKA Moscow'), (13177, 'Arsenal Tula'), (14839, 'Dynamo Moscow'), (15637, 'Spartak Moscow'), (16919, 'Lokomotiv Moscow'), (20385, 'Tosno'), (364473, 'SKA-Khabarovsk'), (37429, 'Home (Goals)'), (37431, 'Away (Goals)'), (4574, 'Anzhi Makhachkala'), (4576, 'Rubin'), (4584, 'Krasnodar'), (4590, 'Amkar Perm'), (4592, 'Rostov'), (4602, 'Ural'), (4618, 'Ufa'), (731729, 'Akhmat')
GO
INSERT INTO Matches (ID, LeagueID, Team1ID, Team2ID, StartedAt) VALUES (22591255, 225733, 16919, 731729, '4/18/2018 7:30:00 PM'), (22591261, 225733, 11549, 4590, '4/18/2018 7:30:00 PM'), (22591391, 225733, 11129, 14839, '4/18/2018 7:30:00 PM'), (22735181, 225733, 4584, 4574, '4/1/2018 7:00:00 PM'), (22735209, 225733, 4592, 11549, '4/1/2018 7:00:00 PM'), (22736105, 225733, 4602, 4576, '4/1/2018 2:00:00 PM'), (22736121, 225733, 4618, 11129, '4/1/2018 4:30:00 PM'), (23073849, 225733, 4574, 15637, '4/8/2018 7:00:00 PM'), (23074087, 225733, 16919, 4592, '4/8/2018 4:30:00 PM'), (23074911, 225733, 20385, 4602, '4/8/2018 2:00:00 PM'), (23369113, 225733, 13177, 11129, '4/22/2018 2:00:00 PM'), (23369217, 225733, 11549, 4584, '4/22/2018 4:30:00 PM'), (23369265, 225733, 16919, 4618, '4/22/2018 7:00:00 PM'), (23369439, 225733, 364473, 14839, '4/22/2018 11:00:00 AM'), (23369575, 225733, 20385, 4590, '4/22/2018 4:30:00 PM'), (23483819, 225733, 13177, 4618, '4/7/2018 7:00:00 PM'), (23483827, 225733, 11129, 4584, '4/7/2018 4:30:00 PM'), (23483829, 225733, 4576, 731729, '4/7/2018 2:00:00 PM'), (23483845, 225733, 11549, 14839, '4/9/2018 7:30:00 PM'), (23483865, 225733, 364473, 4590, '4/7/2018 11:00:00 AM'), (23484701, 225733, 4576, 4592, '4/21/2018 4:30:00 PM'), (23484705, 225733, 4574, 4602, '4/21/2018 7:00:00 PM'), (23484761, 225733, 15637, 731729, '4/23/2018 7:30:00 PM'), (23486147, 225733, 731729, 20385, '4/13/2018 7:30:00 PM'), (23486153, 225733, 4590, 4576, '4/14/2018 11:30:00 AM'), (23486279, 225733, 14839, 16919, '4/14/2018 2:00:00 PM'), (23486369, 225733, 11129, 4574, '4/14/2018 4:30:00 PM'), (23486397, 225733, 4584, 13177, '4/14/2018 7:00:00 PM'), (23486553, 225733, 4602, 15637, '4/15/2018 2:00:00 PM'), (23486941, 225733, 4618, 11549, '4/15/2018 4:30:00 PM'), (23487059, 225733, 4592, 364473, '4/15/2018 7:00:00 PM'), (23682573, 225733, 37429, 37431, '4/1/2018 2:00:00 PM')
GO
INSERT INTO Bets (MatchID, BetTypeID, BetParam, Value, ReceivedAt) VALUES (22591255, 1, NULL, 1.664000, '2018-04-01 09:21:23.709'), (22591255, 10, 2.5, 1.605000, '2018-04-01 09:21:23.709'), (22591255, 2, NULL, 3.600000, '2018-04-01 09:21:23.709'), (22591255, 3, NULL, 6.700000, '2018-04-01 09:21:23.709'), (22591255, 4, NULL, 1.120000, '2018-04-01 09:21:23.709'), (22591255, 5, NULL, 1.310000, '2018-04-01 09:21:23.709'), (22591255, 6, NULL, 2.280000, '2018-04-01 09:21:23.709'), (22591255, 9, 2.5, 2.490000, '2018-04-01 09:21:23.709'), (22591261, 1, NULL, 1.285000, '2018-04-01 09:21:23.709'), (22591261, 10, 2.5, 1.790000, '2018-04-01 09:21:23.709'), (22591261, 2, NULL, 5.600000, '2018-04-01 09:21:23.709'), (22591261, 3, NULL, 14.000000, '2018-04-01 09:21:23.709'), (22591261, 4, NULL, 1.025000, '2018-04-01 09:21:23.709'), (22591261, 5, NULL, 1.150000, '2018-04-01 09:21:23.709'), (22591261, 6, NULL, 3.800000, '2018-04-01 09:21:23.709'), (22591261, 9, 2.5, 2.140000, '2018-04-01 09:21:23.709'), (22591391, 1, NULL, 1.325000, '2018-04-01 09:21:23.709'), (22591391, 10, 2.5, 1.790000, '2018-04-01 09:21:23.709'), (22591391, 2, NULL, 5.400000, '2018-04-01 09:21:23.709'), (22591391, 3, NULL, 11.000000, '2018-04-01 09:21:23.709'), (22591391, 4, NULL, 1.050000, '2018-04-01 09:21:23.709'), (22591391, 5, NULL, 1.168000, '2018-04-01 09:21:23.709'), (22591391, 6, NULL, 3.440000, '2018-04-01 09:21:23.709'), (22591391, 9, 2.5, 2.140000, '2018-04-01 09:21:23.709'), (22735181, 1, NULL, 1.500000, '2018-04-01 09:21:23.709'), (22735181, 10, 0.5, 13.000000, '2018-04-01 09:21:23.709'), (22735181, 10, 1, 10.500000, '2018-04-01 09:21:23.709'), (22735181, 10, 1.5, 3.880000, '2018-04-01 09:21:23.709'), (22735181, 10, 2, 3.000000, '2018-04-01 09:21:23.709'), (22735181, 10, 2.5, 2.030000, '2018-04-01 09:21:23.709'), (22735181, 10, 3, 1.540000, '2018-04-01 09:21:23.709'), (22735181, 10, 3.5, 1.350000, '2018-04-01 09:21:23.709'), (22735181, 10, 4, 1.150000, '2018-04-01 09:21:23.709'), (22735181, 10, 4.5, 1.100000, '2018-04-01 09:21:23.709'), (22735181, 10, 5, 1.070000, '2018-04-01 09:21:23.709'), (22735181, 10, 5.5, 1.050000, '2018-04-01 09:21:23.709'), (22735181, 10, 6.5, 1.001000, '2018-04-01 09:21:23.709'), (22735181, 11, 0.5, 1.100000, '2018-04-01 09:21:23.709'), (22735181, 11, 1, 1.170000, '2018-04-01 09:21:23.709'), (22735181, 11, 1.5, 1.580000, '2018-04-01 09:21:23.709'), (22735181, 11, 2, 2.060000, '2018-04-01 09:21:23.709'), (22735181, 11, 2.5, 2.790000, '2018-04-01 09:21:23.709'), (22735181, 11, 3, 4.700000, '2018-04-01 09:21:23.709'), (22735181, 11, 3.5, 5.950000, '2018-04-01 09:21:23.709'), (22735181, 11, 4.5, 15.000000, '2018-04-01 09:21:23.709'), (22735181, 11, 5.5, 37.000000, '2018-04-01 09:21:23.709'), (22735181, 12, 0.5, 6.250000, '2018-04-01 09:21:23.709'), (22735181, 12, 1, 5.100000, '2018-04-01 09:21:23.709'), (22735181, 12, 1.5, 2.390000, '2018-04-01 09:21:23.709'), (22735181, 12, 2, 1.760000, '2018-04-01 09:21:23.709'), (22735181, 12, 2.5, 1.440000, '2018-04-01 09:21:23.709'), (22735181, 12, 3, 1.190000, '2018-04-01 09:21:23.709'), (22735181, 12, 3.5, 1.110000, '2018-04-01 09:21:23.709'), (22735181, 12, 4.5, 1.010000, '2018-04-01 09:21:23.709'), (22735181, 12, 5.5, 1.001000, '2018-04-01 09:21:23.709'), (22735181, 13, 0.5, 1.740000, '2018-04-01 09:21:23.709'), (22735181, 13, 1, 3.300000, '2018-04-01 09:21:23.709'), (22735181, 13, 1.5, 5.100000, '2018-04-01 09:21:23.709'), (22735181, 13, 2, 15.000000, '2018-04-01 09:21:23.709'), (22735181, 13, 2.5, 17.000000, '2018-04-01 09:21:23.709'), (22735181, 13, 3.5, 81.000000, '2018-04-01 09:21:23.709'), (22735181, 14, 0.5, 2.090000, '2018-04-01 09:21:23.709'), (22735181, 14, 1, 1.330000, '2018-04-01 09:21:23.709'), (22735181, 14, 1.5, 1.170000, '2018-04-01 09:21:23.709'), (22735181, 14, 2, 1.015000, '2018-04-01 09:21:23.709'), (22735181, 14, 2.5, 1.008000, '2018-04-01 09:21:23.709'), (22735181, 2, NULL, 4.560000, '2018-04-01 09:21:23.709'), (22735181, 3, NULL, 7.100000, '2018-04-01 09:21:23.709'), (22735181, 4, NULL, 1.110000, '2018-04-01 09:21:23.709'), (22735181, 5, NULL, 1.220000, '2018-04-01 09:21:23.709'), (22735181, 6, NULL, 2.670000, '2018-04-01 09:21:23.709'), (22735181, 9, 0.5, 1.040000, '2018-04-01 09:21:23.709'), (22735181, 9, 1, 1.025000, '2018-04-01 09:21:23.709'), (22735181, 9, 1.5, 1.250000, '2018-04-01 09:21:23.709'), (22735181, 9, 2, 1.400000, '2018-04-01 09:21:23.709'), (22735181, 9, 2.5, 1.875000, '2018-04-01 09:21:23.709'), (22735181, 9, 3, 2.510000, '2018-04-01 09:21:23.709'), (22735181, 9, 3.5, 3.150000, '2018-04-01 09:21:23.709'), (22735181, 9, 4, 5.000000, '2018-04-01 09:21:23.709'), (22735181, 9, 4.5, 5.800000, '2018-04-01 09:21:23.709'), (22735181, 9, 5, 8.300000, '2018-04-01 09:21:23.709'), (22735181, 9, 5.5, 9.800000, '2018-04-01 09:21:23.709'), (22735181, 9, 6.5, 34.000000, '2018-04-01 09:21:23.709'), (22735209, 1, NULL, 3.660000, '2018-04-01 09:21:23.709'), (22735209, 10, 0.5, 7.000000, '2018-04-01 09:21:23.709'), (22735209, 10, 1, 5.300000, '2018-04-01 09:21:23.709'), (22735209, 10, 1.5, 2.580000, '2018-04-01 09:21:23.709'), (22735209, 10, 2, 1.900000, '2018-04-01 09:21:23.709'), (22735209, 10, 2.5, 1.510000, '2018-04-01 09:21:23.709'), (22735209, 10, 3, 1.210000, '2018-04-01 09:21:23.709'), (22735209, 10, 3.5, 1.144000, '2018-04-01 09:21:23.709'), (22735209, 10, 4, 1.032000, '2018-04-01 09:21:23.709'), (22735209, 10, 4.5, 1.016000, '2018-04-01 09:21:23.709'), (22735209, 10, 5, 1.020000, '2018-04-01 09:21:23.709'), (22735209, 10, 5.5, 1.010000, '2018-04-01 09:21:23.709'), (22735209, 11, 0.5, 1.560000, '2018-04-01 09:21:23.709'), (22735209, 11, 1, 2.530000, '2018-04-01 09:21:23.709'), (22735209, 11, 1.5, 3.960000, '2018-04-01 09:21:23.709'), (22735209, 11, 2, 11.000000, '2018-04-01 09:21:23.709'), (22735209, 11, 2.5, 12.500000, '2018-04-01 09:21:23.709'), (22735209, 12, 0.5, 2.430000, '2018-04-01 09:21:23.709'), (22735209, 12, 1, 1.520000, '2018-04-01 09:21:23.709'), (22735209, 12, 1.5, 1.250000, '2018-04-01 09:21:23.709'), (22735209, 12, 2, 1.040000, '2018-04-01 09:21:23.709'), (22735209, 12, 2.5, 1.025000, '2018-04-01 09:21:23.709'), (22735209, 12, 3.5, 1.001000, '2018-04-01 09:21:23.709'), (22735209, 13, 0.5, 1.350000, '2018-04-01 09:21:23.709'), (22735209, 13, 1, 1.760000, '2018-04-01 09:21:23.709'), (22735209, 13, 1.5, 2.720000, '2018-04-01 09:21:23.709'), (22735209, 13, 2, 5.900000, '2018-04-01 09:21:23.709'), (22735209, 13, 2.5, 7.200000, '2018-04-01 09:21:23.709'), (22735209, 13, 3, 18.000000, '2018-04-01 09:21:23.709'), (22735209, 13, 3.5, 21.000000, '2018-04-01 09:21:23.709'), (22735209, 14, 0.5, 3.200000, '2018-04-01 09:21:23.709'), (22735209, 14, 1, 2.060000, '2018-04-01 09:21:23.709'), (22735209, 14, 1.5, 1.460000, '2018-04-01 09:21:23.709'), (22735209, 14, 2, 1.135000, '2018-04-01 09:21:23.709'), (22735209, 14, 2.5, 1.096000, '2018-04-01 09:21:23.709'), (22735209, 14, 3, 1.010000, '2018-04-01 09:21:23.709'), (22735209, 14, 3.5, 1.010000, '2018-04-01 09:21:23.709'), (22735209, 2, NULL, 3.030000, '2018-04-01 09:21:23.709'), (22735209, 3, NULL, 2.360000, '2018-04-01 09:21:23.709'), (22735209, 4, NULL, 1.620000, '2018-04-01 09:21:23.709'), (22735209, 5, NULL, 1.400000, '2018-04-01 09:21:23.709'), (22735209, 6, NULL, 1.300000, '2018-04-01 09:21:23.709'), (22735209, 9, 0.5, 1.064000, '2018-04-01 09:21:23.709'), (22735209, 9, 1, 1.140000, '2018-04-01 09:21:23.709'), (22735209, 9, 1.5, 1.490000, '2018-04-01 09:21:23.709'), (22735209, 9, 2, 1.920000, '2018-04-01 09:21:23.709'), (22735209, 9, 2.5, 2.755000, '2018-04-01 09:21:23.709'), (22735209, 9, 3, 4.540000, '2018-04-01 09:21:23.709'), (22735209, 9, 3.5, 5.500000, '2018-04-01 09:21:23.709'), (22735209, 9, 4, 9.700000, '2018-04-01 09:21:23.709'), (22735209, 9, 4.5, 10.500000, '2018-04-01 09:21:23.709'), (22735209, 9, 5, 13.000000, '2018-04-01 09:21:23.709'), (22735209, 9, 5.5, 16.000000, '2018-04-01 09:21:23.709'), (22736105, 1, NULL, 3.340000, '2018-04-01 09:21:23.709'), (22736105, 10, 0.5, 5.800000, '2018-04-01 09:21:23.709'), (22736105, 10, 1, 4.300000, '2018-04-01 09:21:23.709'), (22736105, 10, 1.5, 2.330000, '2018-04-01 09:21:23.709'), (22736105, 10, 2, 1.700000, '2018-04-01 09:21:23.709'), (22736105, 10, 2.5, 1.408000, '2018-04-01 09:21:23.709'), (22736105, 10, 3, 1.160000, '2018-04-01 09:21:23.709'), (22736105, 10, 3.5, 1.110000, '2018-04-01 09:21:23.709'), (22736105, 10, 4, 1.020000, '2018-04-01 09:21:23.709'), (22736105, 10, 4.5, 1.030000, '2018-04-01 09:21:23.709'), (22736105, 10, 5, 1.010000, '2018-04-01 09:21:23.709'), (22736105, 10, 5.5, 1.010000, '2018-04-01 09:21:23.709'), (22736105, 11, 0.5, 1.560000, '2018-04-01 09:21:23.709'), (22736105, 11, 1, 2.560000, '2018-04-01 09:21:23.709'), (22736105, 11, 1.5, 4.040000, '2018-04-01 09:21:23.709'), (22736105, 11, 2, 11.500000, '2018-04-01 09:21:23.709'), (22736105, 11, 2.5, 12.500000, '2018-04-01 09:21:23.709'), (22736105, 12, 0.5, 2.430000, '2018-04-01 09:21:23.709'), (22736105, 12, 1, 1.510000, '2018-04-01 09:21:23.709'), (22736105, 12, 1.5, 1.240000, '2018-04-01 09:21:23.709'), (22736105, 12, 2, 1.035000, '2018-04-01 09:21:23.709'), (22736105, 12, 2.5, 1.025000, '2018-04-01 09:21:23.709'), (22736105, 12, 3.5, 1.001000, '2018-04-01 09:21:23.709'), (22736105, 13, 0.5, 1.450000, '2018-04-01 09:21:23.709'), (22736105, 13, 1, 2.090000, '2018-04-01 09:21:23.709'), (22736105, 13, 1.5, 3.300000, '2018-04-01 09:21:23.709'), (22736105, 13, 2, 8.200000, '2018-04-01 09:21:23.709'), (22736105, 13, 2.5, 9.500000, '2018-04-01 09:21:23.709'), (22736105, 13, 3.5, 34.000000, '2018-04-01 09:21:23.709'), (22736105, 14, 0.5, 2.760000, '2018-04-01 09:21:23.709'), (22736105, 14, 1, 1.740000, '2018-04-01 09:21:23.709'), (22736105, 14, 1.5, 1.330000, '2018-04-01 09:21:23.709'), (22736105, 14, 2, 1.075000, '2018-04-01 09:21:23.709'), (22736105, 14, 2.5, 1.056000, '2018-04-01 09:21:23.709'), (22736105, 14, 3.5, 1.001000, '2018-04-01 09:21:23.709'), (22736105, 2, NULL, 2.810000, '2018-04-01 09:21:23.709'), (22736105, 3, NULL, 2.690000, '2018-04-01 09:21:23.709'), (22736105, 4, NULL, 1.500000, '2018-04-01 09:21:23.709'), (22736105, 5, NULL, 1.460000, '2018-04-01 09:21:23.709'), (22736105, 6, NULL, 1.340000, '2018-04-01 09:21:23.709'), (22736105, 9, 0.5, 1.100000, '2018-04-01 09:21:23.709'), (22736105, 9, 1, 1.200000, '2018-04-01 09:21:23.709'), (22736105, 9, 1.5, 1.590000, '2018-04-01 09:21:23.709'), (22736105, 9, 2, 2.180000, '2018-04-01 09:21:23.709'), (22736105, 9, 2.5, 3.170000, '2018-04-01 09:21:23.709'), (22736105, 9, 3, 5.400000, '2018-04-01 09:21:23.709'), (22736105, 9, 3.5, 6.400000, '2018-04-01 09:21:23.709'), (22736105, 9, 4, 11.500000, '2018-04-01 09:21:23.709'), (22736105, 9, 4.5, 12.500000, '2018-04-01 09:21:23.709'), (22736105, 9, 5, 15.000000, '2018-04-01 09:21:23.709'), (22736105, 9, 5.5, 18.000000, '2018-04-01 09:21:23.709'), (22736121, 1, NULL, 4.700000, '2018-04-01 09:21:23.709'), (22736121, 10, 0.5, 7.700000, '2018-04-01 09:21:23.709'), (22736121, 10, 1, 5.700000, '2018-04-01 09:21:23.709'), (22736121, 10, 1.5, 2.580000, '2018-04-01 09:21:23.709'), (22736121, 10, 2, 1.910000, '2018-04-01 09:21:23.709'), (22736121, 10, 2.5, 1.525000, '2018-04-01 09:21:23.709'), (22736121, 10, 3, 1.220000, '2018-04-01 09:21:23.709'), (22736121, 10, 3.5, 1.150000, '2018-04-01 09:21:23.709'), (22736121, 10, 4, 1.032000, '2018-04-01 09:21:23.709'), (22736121, 10, 4.5, 1.016000, '2018-04-01 09:21:23.709'), (22736121, 10, 5, 1.020000, '2018-04-01 09:21:23.709'), (22736121, 10, 5.5, 1.010000, '2018-04-01 09:21:23.709'), (22736121, 11, 0.5, 1.720000, '2018-04-01 09:21:23.709'), (22736121, 11, 1, 3.200000, '2018-04-01 09:21:23.709'), (22736121, 11, 1.5, 5.100000, '2018-04-01 09:21:23.709'), (22736121, 11, 2, 14.000000, '2018-04-01 09:21:23.709'), (22736121, 11, 2.5, 16.000000, '2018-04-01 09:21:23.709'), (22736121, 11, 3.5, 71.000000, '2018-04-01 09:21:23.709'), (22736121, 12, 0.5, 2.120000, '2018-04-01 09:21:23.709'), (22736121, 12, 1, 1.350000, '2018-04-01 09:21:23.709'), (22736121, 12, 1.5, 1.170000, '2018-04-01 09:21:23.709'), (22736121, 12, 2, 1.020000, '2018-04-01 09:21:23.709'), (22736121, 12, 2.5, 1.010000, '2018-04-01 09:21:23.709'), (22736121, 13, 0.5, 1.260000, '2018-04-01 09:21:23.709'), (22736121, 13, 1, 1.500000, '2018-04-01 09:21:23.709'), (22736121, 13, 1.5, 2.260000, '2018-04-01 09:21:23.709'), (22736121, 13, 2, 3.680000, '2018-04-01 09:21:23.709'), (22736121, 13, 2.5, 5.100000, '2018-04-01 09:21:23.709'), (22736121, 13, 3, 14.500000, '2018-04-01 09:21:23.709'), (22736121, 13, 3.5, 16.000000, '2018-04-01 09:21:23.709'), (22736121, 13, 4.5, 37.000000, '2018-04-01 09:21:23.709'), (22736121, 14, 0.5, 3.900000, '2018-04-01 09:21:23.709'), (22736121, 14, 1, 2.590000, '2018-04-01 09:21:23.709'), (22736121, 14, 1.5, 1.640000, '2018-04-01 09:21:23.709'), (22736121, 14, 2, 1.280000, '2018-04-01 09:21:23.709'), (22736121, 14, 2.5, 1.170000, '2018-04-01 09:21:23.709'), (22736121, 14, 3, 1.020000, '2018-04-01 09:21:23.709'), (22736121, 14, 3.5, 1.010000, '2018-04-01 09:21:23.709'), (22736121, 14, 4.5, 1.001000, '2018-04-01 09:21:23.709'), (22736121, 2, NULL, 3.340000, '2018-04-01 09:21:23.709'), (22736121, 3, NULL, 1.944000, '2018-04-01 09:21:23.709'), (22736121, 4, NULL, 1.900000, '2018-04-01 09:21:23.709'), (22736121, 5, NULL, 1.340000, '2018-04-01 09:21:23.709'), (22736121, 6, NULL, 1.200000, '2018-04-01 09:21:23.709'), (22736121, 9, 0.5, 1.056000, '2018-04-01 09:21:23.709'), (22736121, 9, 1, 1.120000, '2018-04-01 09:21:23.709'), (22736121, 9, 1.5, 1.490000, '2018-04-01 09:21:23.709'), (22736121, 9, 2, 1.910000, '2018-04-01 09:21:23.709'), (22736121, 9, 2.5, 2.704000, '2018-04-01 09:21:23.709'), (22736121, 9, 3, 4.400000, '2018-04-01 09:21:23.709'), (22736121, 9, 3.5, 5.300000, '2018-04-01 09:21:23.709'), (22736121, 9, 4, 9.700000, '2018-04-01 09:21:23.709'), (22736121, 9, 4.5, 10.500000, '2018-04-01 09:21:23.709'), (22736121, 9, 5, 13.500000, '2018-04-01 09:21:23.709'), (22736121, 9, 5.5, 16.000000, '2018-04-01 09:21:23.709'), (23073849, 1, NULL, 5.900000, '2018-04-01 09:21:23.709'), (23073849, 10, 0.5, 6.450000, '2018-04-01 09:21:23.709'), (23073849, 10, 1, 7.700000, '2018-04-01 09:21:23.709'), (23073849, 10, 1.5, 3.200000, '2018-04-01 09:21:23.709'), (23073849, 10, 2, 2.550000, '2018-04-01 09:21:23.709'), (23073849, 10, 2.5, 1.940000, '2018-04-01 09:21:23.709'), (23073849, 10, 3, 1.470000, '2018-04-01 09:21:23.709'), (23073849, 10, 3.5, 1.300000, '2018-04-01 09:21:23.709'), (23073849, 10, 4, 1.190000, '2018-04-01 09:21:23.709'), (23073849, 10, 4.5, 1.100000, '2018-04-01 09:21:23.709'), (23073849, 10, 5, 1.070000, '2018-04-01 09:21:23.709'), (23073849, 10, 5.5, 1.020000, '2018-04-01 09:21:23.709'), (23073849, 10, 6.5, 1.001000, '2018-04-01 09:21:23.709'), (23073849, 11, 0.5, 1.590000, '2018-04-01 09:21:23.709'), (23073849, 11, 1, 2.550000, '2018-04-01 09:21:23.709'), (23073849, 11, 1.5, 3.800000, '2018-04-01 09:21:23.709'), (23073849, 11, 2, 10.500000, '2018-04-01 09:21:23.709'), (23073849, 11, 2.5, 12.500000, '2018-04-01 09:21:23.709'), (23073849, 12, 0.5, 2.170000, '2018-04-01 09:21:23.709'), (23073849, 12, 1, 1.520000, '2018-04-01 09:21:23.709'), (23073849, 12, 1.5, 1.260000, '2018-04-01 09:21:23.709'), (23073849, 12, 2, 1.050000, '2018-04-01 09:21:23.709'), (23073849, 12, 2.5, 1.030000, '2018-04-01 09:21:23.709'), (23073849, 12, 3.5, 1.001000, '2018-04-01 09:21:23.709'), (23073849, 13, 1, 1.270000, '2018-04-01 09:21:23.709'), (23073849, 13, 1.5, 1.730000, '2018-04-01 09:21:23.709'), (23073849, 13, 2, 2.550000, '2018-04-01 09:21:23.709'), (23073849, 13, 2.5, 3.400000, '2018-04-01 09:21:23.709'), (23073849, 13, 3.5, 7.900000, '2018-04-01 09:21:23.709'), (23073849, 13, 4.5, 19.000000, '2018-04-01 09:21:23.709'), (23073849, 14, 0.5, 5.500000, '2018-04-01 09:21:23.709'), (23073849, 14, 1, 3.800000, '2018-04-01 09:21:23.709'), (23073849, 14, 1.5, 2.000000, '2018-04-01 09:21:23.709'), (23073849, 14, 2, 1.510000, '2018-04-01 09:21:23.709'), (23073849, 14, 2.5, 1.310000, '2018-04-01 09:21:23.709'), (23073849, 14, 3.5, 1.080000, '2018-04-01 09:21:23.709'), (23073849, 14, 4.5, 1.010000, '2018-04-01 09:21:23.709'), (23073849, 2, NULL, 3.680000, '2018-04-01 09:21:23.709'), (23073849, 3, NULL, 1.705000, '2018-04-01 09:21:23.709'), (23073849, 4, NULL, 2.210000, '2018-04-01 09:21:23.709'), (23073849, 5, NULL, 1.300000, '2018-04-01 09:21:23.709'), (23073849, 6, NULL, 1.140000, '2018-04-01 09:21:23.709'), (23073849, 9, 0.5, 1.040000, '2018-04-01 09:21:23.709'), (23073849, 9, 1, 1.080000, '2018-04-01 09:21:23.709'), (23073849, 9, 1.5, 1.240000, '2018-04-01 09:21:23.709'), (23073849, 9, 2, 1.370000, '2018-04-01 09:21:23.709'), (23073849, 9, 2.5, 1.960000, '2018-04-01 09:21:23.709'), (23073849, 9, 3, 2.380000, '2018-04-01 09:21:23.709'), (23073849, 9, 3.5, 2.830000, '2018-04-01 09:21:23.709'), (23073849, 9, 4, 4.700000, '2018-04-01 09:21:23.709'), (23073849, 9, 4.5, 4.780000, '2018-04-01 09:21:23.709'), (23073849, 9, 5, 8.700000, '2018-04-01 09:21:23.709'), (23073849, 9, 5.5, 7.000000, '2018-04-01 09:21:23.709'), (23073849, 9, 6.5, 34.000000, '2018-04-01 09:21:23.709'), (23074087, 1, NULL, 1.704000, '2018-04-01 09:21:23.709'), (23074087, 10, 0.5, 5.200000, '2018-04-01 09:21:23.709'), (23074087, 10, 1, 4.700000, '2018-04-01 09:21:23.709'), (23074087, 10, 1.5, 2.450000, '2018-04-01 09:21:23.709'), (23074087, 10, 2, 1.890000, '2018-04-01 09:21:23.709'), (23074087, 10, 2.5, 1.540000, '2018-04-01 09:21:23.709'), (23074087, 10, 3, 1.250000, '2018-04-01 09:21:23.709'), (23074087, 10, 3.5, 1.150000, '2018-04-01 09:21:23.709'), (23074087, 10, 4, 1.080000, '2018-04-01 09:21:23.709'), (23074087, 10, 4.5, 1.030000, '2018-04-01 09:21:23.709'), (23074087, 10, 5, 1.020000, '2018-04-01 09:21:23.709'), (23074087, 10, 5.5, 1.010000, '2018-04-01 09:21:23.709'), (23074087, 11, 0.5, 1.170000, '2018-04-01 09:21:23.709'), (23074087, 11, 1, 1.450000, '2018-04-01 09:21:23.709'), (23074087, 11, 1.5, 2.010000, '2018-04-01 09:21:23.709'), (23074087, 11, 2, 3.500000, '2018-04-01 09:21:23.709'), (23074087, 11, 2.5, 4.700000, '2018-04-01 09:21:23.709'), (23074087, 11, 3, 10.500000, '2018-04-01 09:21:23.709'), (23074087, 11, 3.5, 12.000000, '2018-04-01 09:21:23.709'), (23074087, 11, 4.5, 34.000000, '2018-04-01 09:21:23.709'), (23074087, 12, 0.5, 4.000000, '2018-04-01 09:21:23.709'), (23074087, 12, 1, 2.750000, '2018-04-01 09:21:23.709'), (23074087, 12, 1.5, 1.720000, '2018-04-01 09:21:23.709'), (23074087, 12, 2, 1.300000, '2018-04-01 09:21:23.709'), (23074087, 12, 2.5, 1.190000, '2018-04-01 09:21:23.709'), (23074087, 12, 3, 1.050000, '2018-04-01 09:21:23.709'), (23074087, 12, 3.5, 1.030000, '2018-04-01 09:21:23.709'), (23074087, 12, 4.5, 1.001000, '2018-04-01 09:21:23.709'), (23074087, 13, 0.5, 1.960000, '2018-04-01 09:21:23.709'), (23074087, 13, 1, 4.600000, '2018-04-01 09:21:23.709'), (23074087, 13, 1.5, 6.500000, '2018-04-01 09:21:23.709'), (23074087, 13, 3.5, 151.000000, '2018-04-01 09:21:23.709'), (23074087, 14, 0.5, 1.750000, '2018-04-01 09:21:23.709'), (23074087, 14, 1, 1.200000, '2018-04-01 09:21:23.709'), (23074087, 14, 1.5, 1.110000, '2018-04-01 09:21:23.709'), (23074087, 14, 2.5, 1.010000, '2018-04-01 09:21:23.709'), (23074087, 2, NULL, 3.420000, '2018-04-01 09:21:23.709'), (23074087, 3, NULL, 6.700000, '2018-04-01 09:21:23.709'), (23074087, 4, NULL, 1.120000, '2018-04-01 09:21:23.709'), (23074087, 5, NULL, 1.330000, '2018-04-01 09:21:23.709'), (23074087, 6, NULL, 2.210000, '2018-04-01 09:21:23.709'), (23074087, 9, 0.5, 1.080000, '2018-04-01 09:21:23.709'), (23074087, 9, 1, 1.190000, '2018-04-01 09:21:23.709'), (23074087, 9, 1.5, 1.440000, '2018-04-01 09:21:23.709'), (23074087, 9, 2, 1.820000, '2018-04-01 09:21:23.709'), (23074087, 9, 2.5, 2.650000, '2018-04-01 09:21:23.709'), (23074087, 9, 3, 4.000000, '2018-04-01 09:21:23.709'), (23074087, 9, 3.5, 4.000000, '2018-04-01 09:21:23.709'), (23074087, 9, 4, 8.100000, '2018-04-01 09:21:23.709'), (23074087, 9, 4.5, 6.500000, '2018-04-01 09:21:23.709'), (23074087, 9, 5, 13.500000, '2018-04-01 09:21:23.709'), (23074087, 9, 5.5, 16.000000, '2018-04-01 09:21:23.709'), (23074911, 1, NULL, 2.620000, '2018-04-01 09:21:23.709'), (23074911, 10, 0.5, 5.250000, '2018-04-01 09:21:23.709'), (23074911, 10, 1, 5.500000, '2018-04-01 09:21:23.709'), (23074911, 10, 1.5, 2.470000, '2018-04-01 09:21:23.709'), (23074911, 10, 2, 1.960000, '2018-04-01 09:21:23.709'), (23074911, 10, 2.5, 1.560000, '2018-04-01 09:21:23.709'), (23074911, 10, 3, 1.310000, '2018-04-01 09:21:23.709'), (23074911, 10, 3.5, 1.160000, '2018-04-01 09:21:23.709'), (23074911, 10, 4, 1.100000, '2018-04-01 09:21:23.709'), (23074911, 10, 4.5, 1.040000, '2018-04-01 09:21:23.709'), (23074911, 10, 5, 1.030000, '2018-04-01 09:21:23.709'), (23074911, 10, 5.5, 1.010000, '2018-04-01 09:21:23.709'), (23074911, 11, 1, 1.770000, '2018-04-01 09:21:23.709'), (23074911, 11, 1.5, 2.550000, '2018-04-01 09:21:23.709'), (23074911, 11, 2, 5.400000, '2018-04-01 09:21:23.709'), (23074911, 11, 2.5, 6.900000, '2018-04-01 09:21:23.709'), (23074911, 11, 3, 17.000000, '2018-04-01 09:21:23.709'), (23074911, 12, 0.5, 2.880000, '2018-04-01 09:21:23.709'), (23074911, 12, 1, 2.060000, '2018-04-01 09:21:23.709'), (23074911, 12, 1.5, 1.370000, '2018-04-01 09:21:23.709'), (23074911, 12, 2, 1.150000, '2018-04-01 09:21:23.709'), (23074911, 12, 2.5, 1.100000, '2018-04-01 09:21:23.709'), (23074911, 12, 3, 1.010000, '2018-04-01 09:21:23.709'), (23074911, 12, 3.5, 1.010000, '2018-04-01 09:21:23.709'), (23074911, 13, 0.5, 1.400000, '2018-04-01 09:21:23.709'), (23074911, 13, 1, 2.080000, '2018-04-01 09:21:23.709'), (23074911, 13, 1.5, 2.880000, '2018-04-01 09:21:23.709'), (23074911, 13, 2, 7.400000, '2018-04-01 09:21:23.709'), (23074911, 13, 2.5, 9.200000, '2018-04-01 09:21:23.709'), (23074911, 14, 0.5, 2.750000, '2018-04-01 09:21:23.709'), (23074911, 14, 1, 1.750000, '2018-04-01 09:21:23.709'), (23074911, 14, 1.5, 1.290000, '2018-04-01 09:21:23.709'), (23074911, 14, 2, 1.090000, '2018-04-01 09:21:23.709'), (23074911, 14, 2.5, 1.060000, '2018-04-01 09:21:23.709'), (23074911, 14, 3.5, 1.001000, '2018-04-01 09:21:23.709'), (23074911, 2, NULL, 3.056000, '2018-04-01 09:21:23.709'), (23074911, 3, NULL, 3.152000, '2018-04-01 09:21:23.709'), (23074911, 4, NULL, 1.380000, '2018-04-01 09:21:23.709'), (23074911, 5, NULL, 1.400000, '2018-04-01 09:21:23.709'), (23074911, 6, NULL, 1.520000, '2018-04-01 09:21:23.709'), (23074911, 9, 0.5, 1.070000, '2018-04-01 09:21:23.709'), (23074911, 9, 1, 1.150000, '2018-04-01 09:21:23.709'), (23074911, 9, 1.5, 1.400000, '2018-04-01 09:21:23.709'), (23074911, 9, 2, 1.760000, '2018-04-01 09:21:23.709'), (23074911, 9, 2.5, 2.595000, '2018-04-01 09:21:23.709'), (23074911, 9, 3, 3.500000, '2018-04-01 09:21:23.709'), (23074911, 9, 3.5, 3.880000, '2018-04-01 09:21:23.709'), (23074911, 9, 4, 6.800000, '2018-04-01 09:21:23.709'), (23074911, 9, 4.5, 6.400000, '2018-04-01 09:21:23.709'), (23074911, 9, 5, 12.000000, '2018-04-01 09:21:23.709'), (23074911, 9, 5.5, 7.900000, '2018-04-01 09:21:23.709'), (23369113, 1, NULL, 5.000000, '2018-04-01 09:21:23.709'), (23369113, 10, 0.5, 5.700000, '2018-04-01 09:21:23.709'), (23369113, 10, 1.5, 2.700000, '2018-04-01 09:21:23.709'), (23369113, 10, 2, 2.140000, '2018-04-01 09:21:23.709'), (23369113, 10, 2.5, 1.700000, '2018-04-01 09:21:23.709'), (23369113, 10, 3.5, 1.200000, '2018-04-01 09:21:23.709'), (23369113, 10, 4.5, 1.050000, '2018-04-01 09:21:23.709'), (23369113, 10, 5.5, 1.010000, '2018-04-01 09:21:23.709'), (23369113, 11, 0.5, 1.620000, '2018-04-01 09:21:23.709'), (23369113, 12, 0.5, 2.110000, '2018-04-01 09:21:23.709'), (23369113, 13, 1.5, 2.020000, '2018-04-01 09:21:23.709'), (23369113, 14, 1.5, 1.710000, '2018-04-01 09:21:23.709'), (23369113, 2, NULL, 3.380000, '2018-04-01 09:21:23.709'), (23369113, 3, NULL, 1.885000, '2018-04-01 09:21:23.709'), (23369113, 4, NULL, 1.960000, '2018-04-01 09:21:23.709'), (23369113, 5, NULL, 1.330000, '2018-04-01 09:21:23.709'), (23369113, 6, NULL, 1.190000, '2018-04-01 09:21:23.709'), (23369113, 9, 0.5, 1.060000, '2018-04-01 09:21:23.709'), (23369113, 9, 1.5, 1.330000, '2018-04-01 09:21:23.709'), (23369113, 9, 2, 1.610000, '2018-04-01 09:21:23.709'), (23369113, 9, 2.5, 2.288000, '2018-04-01 09:21:23.709'), (23369113, 9, 3.5, 3.460000, '2018-04-01 09:21:23.709'), (23369113, 9, 4.5, 5.900000, '2018-04-01 09:21:23.709'), (23369113, 9, 5.5, 7.700000, '2018-04-01 09:21:23.709'), (23369217, 1, NULL, 1.755000, '2018-04-01 09:21:23.709'), (23369217, 10, 0.5, 5.900000, '2018-04-01 09:21:23.709'), (23369217, 10, 1.5, 2.860000, '2018-04-01 09:21:23.709'), (23369217, 10, 2, 2.270000, '2018-04-01 09:21:23.709'), (23369217, 10, 2.5, 1.770000, '2018-04-01 09:21:23.709'), (23369217, 10, 3.5, 1.240000, '2018-04-01 09:21:23.709'), (23369217, 10, 4.5, 1.070000, '2018-04-01 09:21:23.709'), (23369217, 10, 5.5, 1.010000, '2018-04-01 09:21:23.709'), (23369217, 11, 1.5, 1.870000, '2018-04-01 09:21:23.709'), (23369217, 12, 1.5, 1.840000, '2018-04-01 09:21:23.709'), (23369217, 13, 0.5, 1.660000, '2018-04-01 09:21:23.709'), (23369217, 14, 0.5, 2.060000, '2018-04-01 09:21:23.709'), (23369217, 2, NULL, 3.540000, '2018-04-01 09:21:23.709'), (23369217, 3, NULL, 5.700000, '2018-04-01 09:21:23.709'), (23369217, 4, NULL, 1.150000, '2018-04-01 09:21:23.709'), (23369217, 5, NULL, 1.310000, '2018-04-01 09:21:23.709'), (23369217, 6, NULL, 2.130000, '2018-04-01 09:21:23.709'), (23369217, 9, 0.5, 1.050000, '2018-04-01 09:21:23.709'), (23369217, 9, 1.5, 1.300000, '2018-04-01 09:21:23.709'), (23369217, 9, 2, 1.520000, '2018-04-01 09:21:23.709'), (23369217, 9, 2.5, 2.170000, '2018-04-01 09:21:23.709'), (23369217, 9, 3.5, 3.220000, '2018-04-01 09:21:23.709'), (23369217, 9, 4.5, 5.500000, '2018-04-01 09:21:23.709'), (23369217, 9, 5.5, 7.600000, '2018-04-01 09:21:23.709'), (23369265, 1, NULL, 1.525000, '2018-04-01 09:21:23.709'), (23369265, 10, 0.5, 5.650000, '2018-04-01 09:21:23.709'), (23369265, 10, 1.5, 2.510000, '2018-04-01 09:21:23.709'), (23369265, 10, 2, 2.010000, '2018-04-01 09:21:23.709'), (23369265, 10, 2.5, 1.610000, '2018-04-01 09:21:23.709'), (23369265, 10, 3.5, 1.170000, '2018-04-01 09:21:23.709'), (23369265, 10, 4.5, 1.040000, '2018-04-01 09:21:23.709'), (23369265, 10, 5.5, 1.010000, '2018-04-01 09:21:23.709'), (23369265, 11, 1.5, 1.820000, '2018-04-01 09:21:23.709'), (23369265, 12, 1.5, 1.890000, '2018-04-01 09:21:23.709'), (23369265, 13, 0.5, 2.090000, '2018-04-01 09:21:23.709'), (23369265, 14, 0.5, 1.640000, '2018-04-01 09:21:23.709'), (23369265, 2, NULL, 4.100000, '2018-04-01 09:21:23.709'), (23369265, 3, NULL, 7.800000, '2018-04-01 09:21:23.709'), (23369265, 4, NULL, 1.090000, '2018-04-01 09:21:23.709'), (23369265, 5, NULL, 1.250000, '2018-04-01 09:21:23.709'), (23369265, 6, NULL, 2.610000, '2018-04-01 09:21:23.709'), (23369265, 9, 0.5, 1.060000, '2018-04-01 09:21:23.709'), (23369265, 9, 1.5, 1.380000, '2018-04-01 09:21:23.709'), (23369265, 9, 2, 1.720000, '2018-04-01 09:21:23.709'), (23369265, 9, 2.5, 2.465000, '2018-04-01 09:21:23.709'), (23369265, 9, 3.5, 3.800000, '2018-04-01 09:21:23.709'), (23369265, 9, 4.5, 6.200000, '2018-04-01 09:21:23.709'), (23369265, 9, 5.5, 7.900000, '2018-04-01 09:21:23.709'), (23369439, 1, NULL, 3.800000, '2018-04-01 09:21:23.709'), (23369439, 10, 0.5, 5.250000, '2018-04-01 09:21:23.709'), (23369439, 10, 1.5, 2.420000, '2018-04-01 09:21:23.709'), (23369439, 10, 2, 1.920000, '2018-04-01 09:21:23.709'), (23369439, 10, 2.5, 1.570000, '2018-04-01 09:21:23.709'), (23369439, 10, 3.5, 1.150000, '2018-04-01 09:21:23.709'), (23369439, 10, 4.5, 1.040000, '2018-04-01 09:21:23.709'), (23369439, 11, 0.5, 1.550000, '2018-04-01 09:21:23.709'), (23369439, 12, 0.5, 2.250000, '2018-04-01 09:21:23.709'), (23369439, 13, 1.5, 2.390000, '2018-04-01 09:21:23.709'), (23369439, 14, 1.5, 1.470000, '2018-04-01 09:21:23.709'), (23369439, 2, NULL, 3.175000, '2018-04-01 09:21:23.709'), (23369439, 3, NULL, 2.230000, '2018-04-01 09:21:23.709'), (23369439, 4, NULL, 1.690000, '2018-04-01 09:21:23.709'), (23369439, 5, NULL, 1.370000, '2018-04-01 09:21:23.709'), (23369439, 6, NULL, 1.280000, '2018-04-01 09:21:23.709'), (23369439, 9, 0.5, 1.080000, '2018-04-01 09:21:23.709'), (23369439, 9, 1.5, 1.410000, '2018-04-01 09:21:23.709'), (23369439, 9, 2, 1.790000, '2018-04-01 09:21:23.709'), (23369439, 9, 2.5, 2.568000, '2018-04-01 09:21:23.709'), (23369439, 9, 3.5, 3.980000, '2018-04-01 09:21:23.709'), (23369439, 9, 4.5, 6.500000, '2018-04-01 09:21:23.709'), (23369575, 1, NULL, 2.245000, '2018-04-01 09:21:23.709'), (23369575, 10, 2.5, 1.435000, '2018-04-01 09:21:23.709'), (23369575, 2, NULL, 3.060000, '2018-04-01 09:21:23.709'), (23369575, 3, NULL, 3.940000, '2018-04-01 09:21:23.709'), (23369575, 4, NULL, 1.270000, '2018-04-01 09:21:23.709'), (23369575, 5, NULL, 1.400000, '2018-04-01 09:21:23.709'), (23369575, 6, NULL, 1.680000, '2018-04-01 09:21:23.709'), (23369575, 9, 2.5, 3.030000, '2018-04-01 09:21:23.709'), (23483819, 1, NULL, 2.450000, '2018-04-01 09:21:23.709'), (23483819, 10, 0.5, 6.800000, '2018-04-01 09:21:23.709'), (23483819, 10, 1, 5.000000, '2018-04-01 09:21:23.709'), (23483819, 10, 1.5, 2.500000, '2018-04-01 09:21:23.709'), (23483819, 10, 2, 1.900000, '2018-04-01 09:21:23.709'), (23483819, 10, 2.5, 1.540000, '2018-04-01 09:21:23.709'), (23483819, 10, 3, 1.260000, '2018-04-01 09:21:23.709'), (23483819, 10, 3.5, 1.190000, '2018-04-01 09:21:23.709'), (23483819, 10, 4, 1.090000, '2018-04-01 09:21:23.709'), (23483819, 10, 4.5, 1.060000, '2018-04-01 09:21:23.709'), (23483819, 10, 5, 1.030000, '2018-04-01 09:21:23.709'), (23483819, 10, 5.5, 1.010000, '2018-04-01 09:21:23.709'), (23483819, 11, 1, 1.900000, '2018-04-01 09:21:23.709'), (23483819, 11, 1.5, 2.850000, '2018-04-01 09:21:23.709'), (23483819, 11, 2, 6.200000, '2018-04-01 09:21:23.709'), (23483819, 11, 2.5, 7.900000, '2018-04-01 09:21:23.709'), (23483819, 12, 0.5, 3.000000, '2018-04-01 09:21:23.709'), (23483819, 12, 1, 1.900000, '2018-04-01 09:21:23.709'), (23483819, 12, 1.5, 1.420000, '2018-04-01 09:21:23.709'), (23483819, 12, 2, 1.120000, '2018-04-01 09:21:23.709'), (23483819, 12, 2.5, 1.080000, '2018-04-01 09:21:23.709'), (23483819, 12, 3.5, 1.010000, '2018-04-01 09:21:23.709'), (23483819, 13, 0.5, 1.480000, '2018-04-01 09:21:23.709'), (23483819, 13, 1, 2.150000, '2018-04-01 09:21:23.709'), (23483819, 13, 1.5, 3.200000, '2018-04-01 09:21:23.709'), (23483819, 13, 2, 7.800000, '2018-04-01 09:21:23.709'), (23483819, 13, 2.5, 9.700000, '2018-04-01 09:21:23.709'), (23483819, 14, 0.5, 2.360000, '2018-04-01 09:21:23.709'), (23483819, 14, 1, 1.700000, '2018-04-01 09:21:23.709'), (23483819, 14, 1.5, 1.340000, '2018-04-01 09:21:23.709'), (23483819, 14, 2, 1.080000, '2018-04-01 09:21:23.709'), (23483819, 14, 2.5, 1.050000, '2018-04-01 09:21:23.709'), (23483819, 14, 3.5, 1.001000, '2018-04-01 09:21:23.709'), (23483819, 2, NULL, 3.136000, '2018-04-01 09:21:23.709'), (23483819, 3, NULL, 3.340000, '2018-04-01 09:21:23.709'), (23483819, 4, NULL, 1.340000, '2018-04-01 09:21:23.709'), (23483819, 5, NULL, 1.380000, '2018-04-01 09:21:23.709'), (23483819, 6, NULL, 1.580000, '2018-04-01 09:21:23.709'), (23483819, 9, 0.5, 1.100000, '2018-04-01 09:21:23.709'), (23483819, 9, 1, 1.170000, '2018-04-01 09:21:23.709'), (23483819, 9, 1.5, 1.530000, '2018-04-01 09:21:23.709'), (23483819, 9, 2, 1.900000, '2018-04-01 09:21:23.709'), (23483819, 9, 2.5, 2.650000, '2018-04-01 09:21:23.709'), (23483819, 9, 3, 3.800000, '2018-04-01 09:21:23.709'), (23483819, 9, 3.5, 4.700000, '2018-04-01 09:21:23.709'), (23483819, 9, 4, 7.600000, '2018-04-01 09:21:23.709'), (23483819, 9, 4.5, 9.100000, '2018-04-01 09:21:23.709'), (23483819, 9, 5, 12.500000, '2018-04-01 09:21:23.709'), (23483819, 9, 5.5, 15.000000, '2018-04-01 09:21:23.709'), (23483827, 1, NULL, 1.805000, '2018-04-01 09:21:23.709'), (23483827, 10, 0.5, 9.400000, '2018-04-01 09:21:23.709'), (23483827, 10, 1, 7.100000, '2018-04-01 09:21:23.709'), (23483827, 10, 1.5, 3.200000, '2018-04-01 09:21:23.709'), (23483827, 10, 2, 2.480000, '2018-04-01 09:21:23.709'), (23483827, 10, 2.5, 1.940000, '2018-04-01 09:21:23.709'), (23483827, 10, 3, 1.470000, '2018-04-01 09:21:23.709'), (23483827, 10, 3.5, 1.330000, '2018-04-01 09:21:23.709'), (23483827, 10, 4, 1.170000, '2018-04-01 09:21:23.709'), (23483827, 10, 4.5, 1.120000, '2018-04-01 09:21:23.709'), (23483827, 10, 5, 1.060000, '2018-04-01 09:21:23.709'), (23483827, 10, 5.5, 1.040000, '2018-04-01 09:21:23.709'), (23483827, 10, 6.5, 1.001000, '2018-04-01 09:21:23.709'), (23483827, 11, 1, 1.340000, '2018-04-01 09:21:23.709'), (23483827, 11, 1.5, 1.900000, '2018-04-01 09:21:23.709'), (23483827, 11, 2, 2.900000, '2018-04-01 09:21:23.709'), (23483827, 11, 2.5, 3.900000, '2018-04-01 09:21:23.709'), (23483827, 11, 3, 8.100000, '2018-04-01 09:21:23.709'), (23483827, 11, 3.5, 9.400000, '2018-04-01 09:21:23.709'), (23483827, 11, 4.5, 21.000000, '2018-04-01 09:21:23.709'), (23483827, 12, 0.5, 5.000000, '2018-04-01 09:21:23.709'), (23483827, 12, 1, 3.300000, '2018-04-01 09:21:23.709'), (23483827, 12, 1.5, 1.900000, '2018-04-01 09:21:23.709'), (23483827, 12, 2, 1.410000, '2018-04-01 09:21:23.709'), (23483827, 12, 2.5, 1.260000, '2018-04-01 09:21:23.709'), (23483827, 12, 3, 1.080000, '2018-04-01 09:21:23.709'), (23483827, 12, 3.5, 1.060000, '2018-04-01 09:21:23.709'), (23483827, 12, 4.5, 1.001000, '2018-04-01 09:21:23.709'), (23483827, 13, 0.5, 1.540000, '2018-04-01 09:21:23.709'), (23483827, 13, 1, 2.500000, '2018-04-01 09:21:23.709'), (23483827, 13, 1.5, 3.800000, '2018-04-01 09:21:23.709'), (23483827, 13, 2, 10.000000, '2018-04-01 09:21:23.709'), (23483827, 13, 2.5, 12.000000, '2018-04-01 09:21:23.709'), (23483827, 13, 3.5, 37.000000, '2018-04-01 09:21:23.709'), (23483827, 14, 0.5, 2.270000, '2018-04-01 09:21:23.709'), (23483827, 14, 1, 1.540000, '2018-04-01 09:21:23.709'), (23483827, 14, 1.5, 1.270000, '2018-04-01 09:21:23.709'), (23483827, 14, 2, 1.050000, '2018-04-01 09:21:23.709'), (23483827, 14, 2.5, 1.030000, '2018-04-01 09:21:23.709'), (23483827, 14, 3.5, 1.001000, '2018-04-01 09:21:23.709'), (23483827, 2, NULL, 3.460000, '2018-04-01 09:21:23.709'), (23483827, 3, NULL, 5.450000, '2018-04-01 09:21:23.709'), (23483827, 4, NULL, 1.160000, '2018-04-01 09:21:23.709'), (23483827, 5, NULL, 1.330000, '2018-04-01 09:21:23.709'), (23483827, 6, NULL, 2.060000, '2018-04-01 09:21:23.709'), (23483827, 9, 0.5, 1.060000, '2018-04-01 09:21:23.709'), (23483827, 9, 1, 1.100000, '2018-04-01 09:21:23.709'), (23483827, 9, 1.5, 1.350000, '2018-04-01 09:21:23.709'), (23483827, 9, 2, 1.540000, '2018-04-01 09:21:23.709'), (23483827, 9, 2.5, 1.960000, '2018-04-01 09:21:23.709'), (23483827, 9, 3, 2.700000, '2018-04-01 09:21:23.709'), (23483827, 9, 3.5, 3.300000, '2018-04-01 09:21:23.709'), (23483827, 9, 4, 5.200000, '2018-04-01 09:21:23.709'), (23483827, 9, 4.5, 6.200000, '2018-04-01 09:21:23.709'), (23483827, 9, 5, 9.500000, '2018-04-01 09:21:23.709'), (23483827, 9, 5.5, 11.000000, '2018-04-01 09:21:23.709'), (23483827, 9, 6.5, 34.000000, '2018-04-01 09:21:23.709'), (23483829, 1, NULL, 2.100000, '2018-04-01 09:21:23.709'), (23483829, 10, 0.5, 6.700000, '2018-04-01 09:21:23.709'), (23483829, 10, 1, 4.800000, '2018-04-01 09:21:23.709'), (23483829, 10, 1.5, 2.470000, '2018-04-01 09:21:23.709'), (23483829, 10, 2, 1.880000, '2018-04-01 09:21:23.709'), (23483829, 10, 2.5, 1.540000, '2018-04-01 09:21:23.709'), (23483829, 10, 3, 1.270000, '2018-04-01 09:21:23.709'), (23483829, 10, 3.5, 1.190000, '2018-04-01 09:21:23.709'), (23483829, 10, 4, 1.080000, '2018-04-01 09:21:23.709'), (23483829, 10, 4.5, 1.060000, '2018-04-01 09:21:23.709'), (23483829, 10, 5, 1.030000, '2018-04-01 09:21:23.709'), (23483829, 10, 5.5, 1.010000, '2018-04-01 09:21:23.709'), (23483829, 11, 1, 1.670000, '2018-04-01 09:21:23.709'), (23483829, 11, 1.5, 2.500000, '2018-04-01 09:21:23.709'), (23483829, 11, 2, 4.800000, '2018-04-01 09:21:23.709'), (23483829, 11, 2.5, 6.300000, '2018-04-01 09:21:23.709'), (23483829, 11, 3, 15.000000, '2018-04-01 09:21:23.709'), (23483829, 11, 3.5, 17.000000, '2018-04-01 09:21:23.709'), (23483829, 12, 0.5, 3.240000, '2018-04-01 09:21:23.709'), (23483829, 12, 1, 2.200000, '2018-04-01 09:21:23.709'), (23483829, 12, 1.5, 1.530000, '2018-04-01 09:21:23.709'), (23483829, 12, 2, 1.180000, '2018-04-01 09:21:23.709'), (23483829, 12, 2.5, 1.120000, '2018-04-01 09:21:23.709'), (23483829, 12, 3, 1.010000, '2018-04-01 09:21:23.709'), (23483829, 12, 3.5, 1.010000, '2018-04-01 09:21:23.709'), (23483829, 13, 0.5, 1.630000, '2018-04-01 09:21:23.709'), (23483829, 13, 1, 2.750000, '2018-04-01 09:21:23.709'), (23483829, 13, 1.5, 4.100000, '2018-04-01 09:21:23.709'), (23483829, 13, 2, 11.500000, '2018-04-01 09:21:23.709'), (23483829, 13, 2.5, 14.000000, '2018-04-01 09:21:23.709'), (23483829, 13, 3.5, 37.000000, '2018-04-01 09:21:23.709'), (23483829, 14, 0.5, 2.110000, '2018-04-01 09:21:23.709'), (23483829, 14, 1, 1.460000, '2018-04-01 09:21:23.709'), (23483829, 14, 1.5, 1.240000, '2018-04-01 09:21:23.709'), (23483829, 14, 2, 1.030000, '2018-04-01 09:21:23.709'), (23483829, 14, 2.5, 1.020000, '2018-04-01 09:21:23.709'), (23483829, 14, 3.5, 1.001000, '2018-04-01 09:21:23.709'), (23483829, 2, NULL, 3.360000, '2018-04-01 09:21:23.709'), (23483829, 3, NULL, 3.940000, '2018-04-01 09:21:23.709'), (23483829, 4, NULL, 1.270000, '2018-04-01 09:21:23.709'), (23483829, 5, NULL, 1.340000, '2018-04-01 09:21:23.709'), (23483829, 6, NULL, 1.770000, '2018-04-01 09:21:23.709'), (23483829, 9, 0.5, 1.110000, '2018-04-01 09:21:23.709'), (23483829, 9, 1, 1.180000, '2018-04-01 09:21:23.709'), (23483829, 9, 1.5, 1.540000, '2018-04-01 09:21:23.709'), (23483829, 9, 2, 1.930000, '2018-04-01 09:21:23.709'), (23483829, 9, 2.5, 2.650000, '2018-04-01 09:21:23.709'), (23483829, 9, 3, 3.800000, '2018-04-01 09:21:23.709'), (23483829, 9, 3.5, 4.800000, '2018-04-01 09:21:23.709'), (23483829, 9, 4, 7.800000, '2018-04-01 09:21:23.709'), (23483829, 9, 4.5, 9.300000, '2018-04-01 09:21:23.709'), (23483829, 9, 5, 13.000000, '2018-04-01 09:21:23.709'), (23483829, 9, 5.5, 15.000000, '2018-04-01 09:21:23.709'), (23483845, 1, NULL, 1.675000, '2018-04-01 09:21:23.709'), (23483845, 10, 0.5, 8.000000, '2018-04-01 09:21:23.709'), (23483845, 10, 1, 5.900000, '2018-04-01 09:21:23.709'), (23483845, 10, 1.5, 2.800000, '2018-04-01 09:21:23.709'), (23483845, 10, 2, 2.150000, '2018-04-01 09:21:23.709'), (23483845, 10, 2.5, 1.690000, '2018-04-01 09:21:23.709'), (23483845, 10, 3, 1.350000, '2018-04-01 09:21:23.709'), (23483845, 10, 3.5, 1.250000, '2018-04-01 09:21:23.709'), (23483845, 10, 4, 1.120000, '2018-04-01 09:21:23.709'), (23483845, 10, 4.5, 1.090000, '2018-04-01 09:21:23.709'), (23483845, 10, 5, 1.040000, '2018-04-01 09:21:23.709'), (23483845, 10, 5.5, 1.020000, '2018-04-01 09:21:23.709'), (23483845, 11, 1, 1.350000, '2018-04-01 09:21:23.709'), (23483845, 11, 1.5, 1.930000, '2018-04-01 09:21:23.709'), (23483845, 11, 2, 3.000000, '2018-04-01 09:21:23.709'), (23483845, 11, 2.5, 4.000000, '2018-04-01 09:21:23.709'), (23483845, 11, 3, 8.300000, '2018-04-01 09:21:23.709'), (23483845, 11, 3.5, 9.700000, '2018-04-01 09:21:23.709'), (23483845, 11, 4.5, 21.000000, '2018-04-01 09:21:23.709'), (23483845, 12, 0.5, 4.500000, '2018-04-01 09:21:23.709'), (23483845, 12, 1, 3.200000, '2018-04-01 09:21:23.709'), (23483845, 12, 1.5, 1.870000, '2018-04-01 09:21:23.709'), (23483845, 12, 2, 1.400000, '2018-04-01 09:21:23.709'), (23483845, 12, 2.5, 1.250000, '2018-04-01 09:21:23.709'), (23483845, 12, 3, 1.070000, '2018-04-01 09:21:23.709'), (23483845, 12, 3.5, 1.050000, '2018-04-01 09:21:23.709'), (23483845, 12, 4.5, 1.001000, '2018-04-01 09:21:23.709'), (23483845, 13, 0.5, 1.830000, '2018-04-01 09:21:23.709'), (23483845, 13, 1, 3.500000, '2018-04-01 09:21:23.709'), (23483845, 13, 1.5, 5.200000, '2018-04-01 09:21:23.709'), (23483845, 13, 2, 16.000000, '2018-04-01 09:21:23.709'), (23483845, 13, 3.5, 91.000000, '2018-04-01 09:21:23.709'), (23483845, 14, 0.5, 1.830000, '2018-04-01 09:21:23.709'), (23483845, 14, 1, 1.300000, '2018-04-01 09:21:23.709'), (23483845, 14, 1.5, 1.160000, '2018-04-01 09:21:23.709'), (23483845, 14, 2, 1.010000, '2018-04-01 09:21:23.709'), (23483845, 14, 2.5, 1.010000, '2018-04-01 09:21:23.709'), (23483845, 2, NULL, 3.640000, '2018-04-01 09:21:23.709'), (23483845, 3, NULL, 6.400000, '2018-04-01 09:21:23.709'), (23483845, 4, NULL, 1.120000, '2018-04-01 09:21:23.709'), (23483845, 5, NULL, 1.300000, '2018-04-01 09:21:23.709'), (23483845, 6, NULL, 2.260000, '2018-04-01 09:21:23.709'), (23483845, 9, 0.5, 1.080000, '2018-04-01 09:21:23.709'), (23483845, 9, 1, 1.130000, '2018-04-01 09:21:23.709'), (23483845, 9, 1.5, 1.430000, '2018-04-01 09:21:23.709'), (23483845, 9, 2, 1.700000, '2018-04-01 09:21:23.709'), (23483845, 9, 2.5, 2.300000, '2018-04-01 09:21:23.709'), (23483845, 9, 3, 3.200000, '2018-04-01 09:21:23.709'), (23483845, 9, 3.5, 4.000000, '2018-04-01 09:21:23.709'), (23483845, 9, 4, 6.300000, '2018-04-01 09:21:23.709'), (23483845, 9, 4.5, 7.600000, '2018-04-01 09:21:23.709'), (23483845, 9, 5, 11.000000, '2018-04-01 09:21:23.709'), (23483845, 9, 5.5, 13.500000, '2018-04-01 09:21:23.709'), (23483865, 1, NULL, 3.840000, '2018-04-01 09:21:23.709'), (23483865, 10, 0.5, 5.800000, '2018-04-01 09:21:23.709'), (23483865, 10, 1, 4.200000, '2018-04-01 09:21:23.709'), (23483865, 10, 1.5, 2.240000, '2018-04-01 09:21:23.709'), (23483865, 10, 2, 1.710000, '2018-04-01 09:21:23.709'), (23483865, 10, 2.5, 1.510000, '2018-04-01 09:21:23.709'), (23483865, 10, 3, 1.210000, '2018-04-01 09:21:23.709'), (23483865, 10, 3.5, 1.150000, '2018-04-01 09:21:23.709'), (23483865, 10, 4, 1.060000, '2018-04-01 09:21:23.709'), (23483865, 10, 4.5, 1.040000, '2018-04-01 09:21:23.709'), (23483865, 10, 5, 1.020000, '2018-04-01 09:21:23.709'), (23483865, 10, 5.5, 1.010000, '2018-04-01 09:21:23.709'), (23483865, 11, 0.5, 1.600000, '2018-04-01 09:21:23.709'), (23483865, 11, 1, 2.900000, '2018-04-01 09:21:23.709'), (23483865, 11, 1.5, 4.400000, '2018-04-01 09:21:23.709'), (23483865, 11, 2, 13.000000, '2018-04-01 09:21:23.709'), (23483865, 11, 2.5, 15.000000, '2018-04-01 09:21:23.709'), (23483865, 12, 0.5, 2.160000, '2018-04-01 09:21:23.709'), (23483865, 12, 1, 1.410000, '2018-04-01 09:21:23.709'), (23483865, 12, 1.5, 1.210000, '2018-04-01 09:21:23.709'), (23483865, 12, 2, 1.030000, '2018-04-01 09:21:23.709'), (23483865, 12, 2.5, 1.010000, '2018-04-01 09:21:23.709'), (23483865, 12, 3.5, 1.001000, '2018-04-01 09:21:23.709'), (23483865, 13, 1, 1.850000, '2018-04-01 09:21:23.709'), (23483865, 13, 1.5, 2.800000, '2018-04-01 09:21:23.709'), (23483865, 13, 2, 6.000000, '2018-04-01 09:21:23.709'), (23483865, 13, 2.5, 7.600000, '2018-04-01 09:21:23.709'), (23483865, 14, 0.5, 2.880000, '2018-04-01 09:21:23.709'), (23483865, 14, 1, 1.950000, '2018-04-01 09:21:23.709'), (23483865, 14, 1.5, 1.440000, '2018-04-01 09:21:23.709'), (23483865, 14, 2, 1.130000, '2018-04-01 09:21:23.709'), (23483865, 14, 2.5, 1.090000, '2018-04-01 09:21:23.709'), (23483865, 14, 3.5, 1.010000, '2018-04-01 09:21:23.709'), (23483865, 2, NULL, 3.075000, '2018-04-01 09:21:23.709'), (23483865, 3, NULL, 2.270000, '2018-04-01 09:21:23.709'), (23483865, 4, NULL, 1.664000, '2018-04-01 09:21:23.709'), (23483865, 5, NULL, 1.390000, '2018-04-01 09:21:23.709'), (23483865, 6, NULL, 1.280000, '2018-04-01 09:21:23.709'), (23483865, 9, 0.5, 1.130000, '2018-04-01 09:21:23.709'), (23483865, 9, 1, 1.230000, '2018-04-01 09:21:23.709'), (23483865, 9, 1.5, 1.650000, '2018-04-01 09:21:23.709'), (23483865, 9, 2, 2.140000, '2018-04-01 09:21:23.709'), (23483865, 9, 2.5, 2.744000, '2018-04-01 09:21:23.709'), (23483865, 9, 3, 4.500000, '2018-04-01 09:21:23.709'), (23483865, 9, 3.5, 5.600000, '2018-04-01 09:21:23.709'), (23483865, 9, 4, 9.100000, '2018-04-01 09:21:23.709'), (23483865, 9, 4.5, 11.000000, '2018-04-01 09:21:23.709'), (23483865, 9, 5, 14.500000, '2018-04-01 09:21:23.709'), (23483865, 9, 5.5, 17.000000, '2018-04-01 09:21:23.709'), (23484701, 1, NULL, 2.400000, '2018-04-01 09:21:23.709'), (23484701, 10, 2.5, 1.610000, '2018-04-01 09:21:23.709'), (23484701, 2, NULL, 3.056000, '2018-04-01 09:21:23.709'), (23484701, 3, NULL, 3.540000, '2018-04-01 09:21:23.709'), (23484701, 4, NULL, 1.310000, '2018-04-01 09:21:23.709'), (23484701, 5, NULL, 1.400000, '2018-04-01 09:21:23.709'), (23484701, 6, NULL, 1.600000, '2018-04-01 09:21:23.709'), (23484701, 9, 2.5, 2.475000, '2018-04-01 09:21:23.709'), (23484705, 1, NULL, 2.330000, '2018-04-01 09:21:23.709'), (23484705, 10, 0.5, 5.400000, '2018-04-01 09:21:23.709'), (23484705, 10, 1.5, 2.460000, '2018-04-01 09:21:23.709'), (23484705, 10, 2, 1.950000, '2018-04-01 09:21:23.709'), (23484705, 10, 2.5, 1.580000, '2018-04-01 09:21:23.709'), (23484705, 10, 3.5, 1.160000, '2018-04-01 09:21:23.709'), (23484705, 10, 4.5, 1.040000, '2018-04-01 09:21:23.709'), (23484705, 10, 5.5, 1.010000, '2018-04-01 09:21:23.709'), (23484705, 11, 1.5, 2.440000, '2018-04-01 09:21:23.709'), (23484705, 12, 1.5, 1.450000, '2018-04-01 09:21:23.709'), (23484705, 13, 0.5, 1.490000, '2018-04-01 09:21:23.709'), (23484705, 14, 0.5, 2.340000, '2018-04-01 09:21:23.709'), (23484705, 2, NULL, 3.220000, '2018-04-01 09:21:23.709'), (23484705, 3, NULL, 3.460000, '2018-04-01 09:21:23.709'), (23484705, 4, NULL, 1.320000, '2018-04-01 09:21:23.709'), (23484705, 5, NULL, 1.360000, '2018-04-01 09:21:23.709'), (23484705, 6, NULL, 1.630000, '2018-04-01 09:21:23.709'), (23484705, 9, 0.5, 1.070000, '2018-04-01 09:21:23.709'), (23484705, 9, 1.5, 1.400000, '2018-04-01 09:21:23.709'), (23484705, 9, 2, 1.760000, '2018-04-01 09:21:23.709'), (23484705, 9, 2.5, 2.540000, '2018-04-01 09:21:23.709'), (23484705, 9, 3.5, 3.880000, '2018-04-01 09:21:23.709'), (23484705, 9, 4.5, 6.450000, '2018-04-01 09:21:23.709'), (23484705, 9, 5.5, 7.900000, '2018-04-01 09:21:23.709'), (23484761, 1, NULL, 1.480000, '2018-04-01 09:21:23.709'), (23484761, 10, 0.5, 5.900000, '2018-04-01 09:21:23.709'), (23484761, 10, 1.5, 2.820000, '2018-04-01 09:21:23.709'), (23484761, 10, 2, 2.230000, '2018-04-01 09:21:23.709'), (23484761, 10, 2.5, 1.760000, '2018-04-01 09:21:23.709'), (23484761, 10, 3.5, 1.230000, '2018-04-01 09:21:23.709'), (23484761, 10, 4.5, 1.070000, '2018-04-01 09:21:23.709'), (23484761, 10, 5.5, 1.010000, '2018-04-01 09:21:23.709'), (23484761, 11, 1.5, 1.690000, '2018-04-01 09:21:23.709'), (23484761, 12, 1.5, 2.050000, '2018-04-01 09:21:23.709'), (23484761, 13, 0.5, 2.040000, '2018-04-01 09:21:23.709'), (23484761, 14, 0.5, 1.700000, '2018-04-01 09:21:23.709'), (23484761, 2, NULL, 4.160000, '2018-04-01 09:21:23.709'), (23484761, 3, NULL, 9.000000, '2018-04-01 09:21:23.709'), (23484761, 4, NULL, 1.070000, '2018-04-01 09:21:23.709'), (23484761, 5, NULL, 1.250000, '2018-04-01 09:21:23.709'), (23484761, 6, NULL, 2.730000, '2018-04-01 09:21:23.709'), (23484761, 9, 0.5, 1.050000, '2018-04-01 09:21:23.709'), (23484761, 9, 1.5, 1.310000, '2018-04-01 09:21:23.709'), (23484761, 9, 2, 1.530000, '2018-04-01 09:21:23.709'), (23484761, 9, 2.5, 2.185000, '2018-04-01 09:21:23.709'), (23484761, 9, 3.5, 3.280000, '2018-04-01 09:21:23.709'), (23484761, 9, 4.5, 5.500000, '2018-04-01 09:21:23.709'), (23484761, 9, 5.5, 7.600000, '2018-04-01 09:21:23.709'), (23486147, 1, NULL, 1.656000, '2018-04-01 09:21:23.709'), (23486147, 10, 0.5, 5.450000, '2018-04-01 09:21:23.709'), (23486147, 10, 1.5, 2.420000, '2018-04-01 09:21:23.709'), (23486147, 10, 2, 1.930000, '2018-04-01 09:21:23.709'), (23486147, 10, 2.5, 1.605000, '2018-04-01 09:21:23.709'), (23486147, 10, 3.5, 1.150000, '2018-04-01 09:21:23.709'), (23486147, 10, 4.5, 1.040000, '2018-04-01 09:21:23.709'), (23486147, 10, 5.5, 1.001000, '2018-04-01 09:21:23.709'), (23486147, 11, 1.5, 2.000000, '2018-04-01 09:21:23.709'), (23486147, 11, 2.5, 4.500000, '2018-04-01 09:21:23.709'), (23486147, 11, 4.5, 34.000000, '2018-04-01 09:21:23.709'), (23486147, 12, 0.5, 4.500000, '2018-04-01 09:21:23.709'), (23486147, 12, 1.5, 1.730000, '2018-04-01 09:21:23.709'), (23486147, 12, 2.5, 1.170000, '2018-04-01 09:21:23.709'), (23486147, 12, 3.5, 1.040000, '2018-04-01 09:21:23.709'), (23486147, 12, 4.5, 1.001000, '2018-04-01 09:21:23.709'), (23486147, 13, 0.5, 1.910000, '2018-04-01 09:21:23.709'), (23486147, 13, 1.5, 6.000000, '2018-04-01 09:21:23.709'), (23486147, 13, 3.5, 126.000000, '2018-04-01 09:21:23.709'), (23486147, 14, 0.5, 1.800000, '2018-04-01 09:21:23.709'), (23486147, 14, 1.5, 1.110000, '2018-04-01 09:21:23.709'), (23486147, 14, 2.5, 1.010000, '2018-04-01 09:21:23.709'), (23486147, 2, NULL, 3.840000, '2018-04-01 09:21:23.709'), (23486147, 3, NULL, 6.150000, '2018-04-01 09:21:23.709'), (23486147, 4, NULL, 1.130000, '2018-04-01 09:21:23.709'), (23486147, 5, NULL, 1.280000, '2018-04-01 09:21:23.709'), (23486147, 6, NULL, 2.300000, '2018-04-01 09:21:23.709'), (23486147, 9, 0.5, 1.070000, '2018-04-01 09:21:23.709'), (23486147, 9, 1.5, 1.410000, '2018-04-01 09:21:23.709'), (23486147, 9, 2, 1.780000, '2018-04-01 09:21:23.709'), (23486147, 9, 2.5, 2.490000, '2018-04-01 09:21:23.709'), (23486147, 9, 3.5, 3.980000, '2018-04-01 09:21:23.709'), (23486147, 9, 4.5, 6.450000, '2018-04-01 09:21:23.709'), (23486147, 9, 5.5, 15.000000, '2018-04-01 09:21:23.709'), (23486153, 1, NULL, 3.660000, '2018-04-01 09:21:23.709'), (23486153, 10, 0.5, 6.000000, '2018-04-01 09:21:23.709'), (23486153, 10, 1.5, 2.500000, '2018-04-01 09:21:23.709'), (23486153, 10, 2.5, 1.495000, '2018-04-01 09:21:23.709'), (23486153, 10, 3.5, 1.120000, '2018-04-01 09:21:23.709'), (23486153, 10, 4.5, 1.030000, '2018-04-01 09:21:23.709'), (23486153, 10, 5.5, 1.001000, '2018-04-01 09:21:23.709'), (23486153, 12, 0.5, 2.250000, '2018-04-01 09:21:23.709'), (23486153, 12, 1.5, 1.220000, '2018-04-01 09:21:23.709'), (23486153, 12, 2.5, 1.030000, '2018-04-01 09:21:23.709'), (23486153, 12, 3.5, 1.001000, '2018-04-01 09:21:23.709'), (23486153, 14, 0.5, 2.880000, '2018-04-01 09:21:23.709'), (23486153, 14, 1.5, 1.400000, '2018-04-01 09:21:23.709'), (23486153, 14, 2.5, 1.080000, '2018-04-01 09:21:23.709'), (23486153, 14, 3.5, 1.010000, '2018-04-01 09:21:23.709'), (23486153, 2, NULL, 3.080000, '2018-04-01 09:21:23.709'), (23486153, 3, NULL, 2.330000, '2018-04-01 09:21:23.709'), (23486153, 4, NULL, 1.630000, '2018-04-01 09:21:23.709'), (23486153, 5, NULL, 1.390000, '2018-04-01 09:21:23.709'), (23486153, 6, NULL, 1.300000, '2018-04-01 09:21:23.709'), (23486153, 9, 0.5, 1.110000, '2018-04-01 09:21:23.709'), (23486153, 9, 1.5, 1.500000, '2018-04-01 09:21:23.709'), (23486153, 9, 2.5, 2.810000, '2018-04-01 09:21:23.709'), (23486153, 9, 3.5, 5.500000, '2018-04-01 09:21:23.709'), (23486153, 9, 4.5, 10.000000, '2018-04-01 09:21:23.709'), (23486153, 9, 5.5, 34.000000, '2018-04-01 09:21:23.709'), (23486279, 1, NULL, 4.700000, '2018-04-01 09:21:23.709'), (23486279, 10, 0.5, 5.250000, '2018-04-01 09:21:23.709'), (23486279, 10, 1.5, 2.410000, '2018-04-01 09:21:23.709'), (23486279, 10, 2, 1.910000, '2018-04-01 09:21:23.709'), (23486279, 10, 2.5, 1.540000, '2018-04-01 09:21:23.709'), (23486279, 10, 3.5, 1.150000, '2018-04-01 09:21:23.709'), (23486279, 10, 4.5, 1.040000, '2018-04-01 09:21:23.709'), (23486279, 10, 5.5, 1.001000, '2018-04-01 09:21:23.709'), (23486279, 11, 0.5, 1.710000, '2018-04-01 09:21:23.709'), (23486279, 11, 1.5, 4.500000, '2018-04-01 09:21:23.709'), (23486279, 12, 0.5, 2.030000, '2018-04-01 09:21:23.709'), (23486279, 12, 1.5, 1.170000, '2018-04-01 09:21:23.709'), (23486279, 12, 2.5, 1.020000, '2018-04-01 09:21:23.709'), (23486279, 12, 3.5, 1.001000, '2018-04-01 09:21:23.709'), (23486279, 13, 1.5, 2.190000, '2018-04-01 09:21:23.709'), (23486279, 13, 2.5, 5.500000, '2018-04-01 09:21:23.709'), (23486279, 13, 4.5, 37.000000, '2018-04-01 09:21:23.709'), (23486279, 14, 0.5, 3.500000, '2018-04-01 09:21:23.709'), (23486279, 14, 1.5, 1.580000, '2018-04-01 09:21:23.709'), (23486279, 14, 2.5, 1.120000, '2018-04-01 09:21:23.709'), (23486279, 14, 3.5, 1.020000, '2018-04-01 09:21:23.709'), (23486279, 14, 4.5, 1.001000, '2018-04-01 09:21:23.709'), (23486279, 2, NULL, 3.320000, '2018-04-01 09:21:23.709'), (23486279, 3, NULL, 1.945000, '2018-04-01 09:21:23.709'), (23486279, 4, NULL, 1.900000, '2018-04-01 09:21:23.709'), (23486279, 5, NULL, 1.350000, '2018-04-01 09:21:23.709'), (23486279, 6, NULL, 1.200000, '2018-04-01 09:21:23.709'), (23486279, 9, 0.5, 1.070000, '2018-04-01 09:21:23.709'), (23486279, 9, 1.5, 1.420000, '2018-04-01 09:21:23.709'), (23486279, 9, 2, 1.800000, '2018-04-01 09:21:23.709'), (23486279, 9, 2.5, 2.650000, '2018-04-01 09:21:23.709'), (23486279, 9, 3.5, 3.980000, '2018-04-01 09:21:23.709'), (23486279, 9, 4.5, 6.500000, '2018-04-01 09:21:23.709'), (23486279, 9, 5.5, 17.000000, '2018-04-01 09:21:23.709'), (23486369, 1, NULL, 1.300000, '2018-04-01 09:21:23.709'), (23486369, 10, 0.5, 7.000000, '2018-04-01 09:21:23.709'), (23486369, 10, 1.5, 3.280000, '2018-04-01 09:21:23.709'), (23486369, 10, 2, 2.670000, '2018-04-01 09:21:23.709'), (23486369, 10, 2.5, 2.040000, '2018-04-01 09:21:23.709'), (23486369, 10, 3, 1.510000, '2018-04-01 09:21:23.709'), (23486369, 10, 3.5, 1.320000, '2018-04-01 09:21:23.709'), (23486369, 10, 4.5, 1.110000, '2018-04-01 09:21:23.709'), (23486369, 10, 5.5, 1.020000, '2018-04-01 09:21:23.709'), (23486369, 10, 6.5, 1.001000, '2018-04-01 09:21:23.709'), (23486369, 11, 1.5, 1.400000, '2018-04-01 09:21:23.709'), (23486369, 11, 2.5, 2.280000, '2018-04-01 09:21:23.709'), (23486369, 11, 3.5, 5.000000, '2018-04-01 09:21:23.709'), (23486369, 11, 4.5, 10.000000, '2018-04-01 09:21:23.709'), (23486369, 11, 5.5, 34.000000, '2018-04-01 09:21:23.709'), (23486369, 12, 0.5, 7.500000, '2018-04-01 09:21:23.709'), (23486369, 12, 1.5, 2.750000, '2018-04-01 09:21:23.709'), (23486369, 12, 2.5, 1.510000, '2018-04-01 09:21:23.709'), (23486369, 12, 3.5, 1.140000, '2018-04-01 09:21:23.709'), (23486369, 12, 4.5, 1.030000, '2018-04-01 09:21:23.709'), (23486369, 12, 5.5, 1.001000, '2018-04-01 09:21:23.709'), (23486369, 13, 0.5, 2.210000, '2018-04-01 09:21:23.709'), (23486369, 13, 1.5, 8.500000, '2018-04-01 09:21:23.709'), (23486369, 13, 2.5, 36.000000, '2018-04-01 09:21:23.709'), (23486369, 13, 3.5, 226.000000, '2018-04-01 09:21:23.709'), (23486369, 14, 0.5, 1.570000, '2018-04-01 09:21:23.709'), (23486369, 2, NULL, 5.900000, '2018-04-01 09:21:23.709'), (23486369, 3, NULL, 11.000000, '2018-04-01 09:21:23.709'), (23486369, 4, NULL, 1.045000, '2018-04-01 09:21:23.709'), (23486369, 5, NULL, 1.144000, '2018-04-01 09:21:23.709'), (23486369, 6, NULL, 3.680000, '2018-04-01 09:21:23.709'), (23486369, 9, 0.5, 1.020000, '2018-04-01 09:21:23.709'), (23486369, 9, 1.5, 1.230000, '2018-04-01 09:21:23.709'), (23486369, 9, 2, 1.340000, '2018-04-01 09:21:23.709'), (23486369, 9, 2.5, 1.870000, '2018-04-01 09:21:23.709'), (23486369, 9, 3, 2.290000, '2018-04-01 09:21:23.709'), (23486369, 9, 3.5, 2.750000, '2018-04-01 09:21:23.709'), (23486369, 9, 4.5, 4.600000, '2018-04-01 09:21:23.709'), (23486369, 9, 5.5, 7.000000, '2018-04-01 09:21:23.709'), (23486369, 9, 6.5, 34.000000, '2018-04-01 09:21:23.709'), (23486397, 1, NULL, 1.555000, '2018-04-01 09:21:23.709'), (23486397, 10, 0.5, 5.700000, '2018-04-01 09:21:23.709'), (23486397, 10, 1.5, 2.540000, '2018-04-01 09:21:23.709'), (23486397, 10, 2, 2.040000, '2018-04-01 09:21:23.709'), (23486397, 10, 2.5, 1.645000, '2018-04-01 09:21:23.709'), (23486397, 10, 3.5, 1.170000, '2018-04-01 09:21:23.709'), (23486397, 10, 4.5, 1.040000, '2018-04-01 09:21:23.709'), (23486397, 10, 5.5, 1.010000, '2018-04-01 09:21:23.709'), (23486397, 11, 1.5, 1.830000, '2018-04-01 09:21:23.709'), (23486397, 11, 2.5, 3.740000, '2018-04-01 09:21:23.709'), (23486397, 11, 4.5, 17.000000, '2018-04-01 09:21:23.709'), (23486397, 12, 0.5, 5.000000, '2018-04-01 09:21:23.709'), (23486397, 12, 1.5, 1.880000, '2018-04-01 09:21:23.709'), (23486397, 12, 2.5, 1.220000, '2018-04-01 09:21:23.709'), (23486397, 12, 3.5, 1.050000, '2018-04-01 09:21:23.709'), (23486397, 12, 4.5, 1.001000, '2018-04-01 09:21:23.709'), (23486397, 13, 0.5, 2.030000, '2018-04-01 09:21:23.709'), (23486397, 13, 1.5, 6.500000, '2018-04-01 09:21:23.709'), (23486397, 13, 2.5, 26.000000, '2018-04-01 09:21:23.709'), (23486397, 13, 3.5, 151.000000, '2018-04-01 09:21:23.709'), (23486397, 14, 0.5, 1.710000, '2018-04-01 09:21:23.709'), (23486397, 2, NULL, 4.200000, '2018-04-01 09:21:23.709'), (23486397, 3, NULL, 6.850000, '2018-04-01 09:21:23.709'), (23486397, 4, NULL, 1.110000, '2018-04-01 09:21:23.709'), (23486397, 5, NULL, 1.240000, '2018-04-01 09:21:23.709'), (23486397, 6, NULL, 2.520000, '2018-04-01 09:21:23.709'), (23486397, 9, 0.5, 1.060000, '2018-04-01 09:21:23.709'), (23486397, 9, 1.5, 1.380000, '2018-04-01 09:21:23.709'), (23486397, 9, 2, 1.700000, '2018-04-01 09:21:23.709'), (23486397, 9, 2.5, 2.400000, '2018-04-01 09:21:23.709'), (23486397, 9, 3.5, 3.720000, '2018-04-01 09:21:23.709'), (23486397, 9, 4.5, 6.150000, '2018-04-01 09:21:23.709'), (23486397, 9, 5.5, 7.900000, '2018-04-01 09:21:23.709'), (23486553, 1, NULL, 4.620000, '2018-04-01 09:21:23.709'), (23486553, 10, 0.5, 5.700000, '2018-04-01 09:21:23.709'), (23486553, 10, 1.5, 2.820000, '2018-04-01 09:21:23.709'), (23486553, 10, 2, 2.220000, '2018-04-01 09:21:23.709'), (23486553, 10, 2.5, 1.740000, '2018-04-01 09:21:23.709'), (23486553, 10, 3.5, 1.230000, '2018-04-01 09:21:23.709'), (23486553, 10, 4.5, 1.060000, '2018-04-01 09:21:23.709'), (23486553, 10, 5.5, 1.010000, '2018-04-01 09:21:23.709'), (23486553, 10, 6.5, 1.001000, '2018-04-01 09:21:23.709'), (23486553, 11, 0.5, 1.540000, '2018-04-01 09:21:23.709'), (23486553, 11, 1.5, 3.740000, '2018-04-01 09:21:23.709'), (23486553, 12, 0.5, 2.270000, '2018-04-01 09:21:23.709'), (23486553, 12, 1.5, 1.220000, '2018-04-01 09:21:23.709'), (23486553, 12, 2.5, 1.030000, '2018-04-01 09:21:23.709'), (23486553, 12, 3.5, 1.001000, '2018-04-01 09:21:23.709'), (23486553, 13, 1.5, 2.040000, '2018-04-01 09:21:23.709'), (23486553, 13, 4.5, 34.000000, '2018-04-01 09:21:23.709'), (23486553, 14, 0.5, 4.000000, '2018-04-01 09:21:23.709'), (23486553, 14, 1.5, 1.690000, '2018-04-01 09:21:23.709'), (23486553, 14, 2.5, 1.170000, '2018-04-01 09:21:23.709'), (23486553, 14, 3.5, 1.040000, '2018-04-01 09:21:23.709'), (23486553, 14, 4.5, 1.001000, '2018-04-01 09:21:23.709'), (23486553, 2, NULL, 3.200000, '2018-04-01 09:21:23.709'), (23486553, 3, NULL, 2.008000, '2018-04-01 09:21:23.709'), (23486553, 4, NULL, 1.850000, '2018-04-01 09:21:23.709'), (23486553, 5, NULL, 1.365000, '2018-04-01 09:21:23.709'), (23486553, 6, NULL, 1.210000, '2018-04-01 09:21:23.709'), (23486553, 9, 0.5, 1.060000, '2018-04-01 09:21:23.709'), (23486553, 9, 1.5, 1.310000, '2018-04-01 09:21:23.709'), (23486553, 9, 2, 1.540000, '2018-04-01 09:21:23.709'), (23486553, 9, 2.5, 2.216000, '2018-04-01 09:21:23.709'), (23486553, 9, 3.5, 3.280000, '2018-04-01 09:21:23.709'), (23486553, 9, 4.5, 5.650000, '2018-04-01 09:21:23.709'), (23486553, 9, 5.5, 7.600000, '2018-04-01 09:21:23.709'), (23486553, 9, 6.5, 37.000000, '2018-04-01 09:21:23.709'), (23486941, 1, NULL, 3.800000, '2018-04-01 09:21:23.709'), (23486941, 10, 0.5, 5.300000, '2018-04-01 09:21:23.709'), (23486941, 10, 1.5, 2.460000, '2018-04-01 09:21:23.709'), (23486941, 10, 2, 1.950000, '2018-04-01 09:21:23.709'), (23486941, 10, 2.5, 1.605000, '2018-04-01 09:21:23.709'), (23486941, 10, 3.5, 1.160000, '2018-04-01 09:21:23.709'), (23486941, 10, 4.5, 1.040000, '2018-04-01 09:21:23.709'), (23486941, 10, 5.5, 1.010000, '2018-04-01 09:21:23.709'), (23486941, 11, 0.5, 1.540000, '2018-04-01 09:21:23.709'), (23486941, 11, 1.5, 3.740000, '2018-04-01 09:21:23.709'), (23486941, 11, 3.5, 37.000000, '2018-04-01 09:21:23.709'), (23486941, 12, 0.5, 2.260000, '2018-04-01 09:21:23.709'), (23486941, 12, 1.5, 1.220000, '2018-04-01 09:21:23.709'), (23486941, 12, 2.5, 1.040000, '2018-04-01 09:21:23.709'), (23486941, 12, 3.5, 1.001000, '2018-04-01 09:21:23.709'), (23486941, 13, 0.5, 1.250000, '2018-04-01 09:21:23.709'), (23486941, 13, 1.5, 2.340000, '2018-04-01 09:21:23.709'), (23486941, 13, 2.5, 5.500000, '2018-04-01 09:21:23.709'), (23486941, 13, 3.5, 17.000000, '2018-04-01 09:21:23.709'), (23486941, 14, 1.5, 1.490000, '2018-04-01 09:21:23.709'), (23486941, 2, NULL, 3.200000, '2018-04-01 09:21:23.709'), (23486941, 3, NULL, 2.210000, '2018-04-01 09:21:23.709'), (23486941, 4, NULL, 1.700000, '2018-04-01 09:21:23.709'), (23486941, 5, NULL, 1.365000, '2018-04-01 09:21:23.709'), (23486941, 6, NULL, 1.280000, '2018-04-01 09:21:23.709'), (23486941, 9, 0.5, 1.070000, '2018-04-01 09:21:23.709'), (23486941, 9, 1.5, 1.400000, '2018-04-01 09:21:23.709'), (23486941, 9, 2, 1.760000, '2018-04-01 09:21:23.709'), (23486941, 9, 2.5, 2.490000, '2018-04-01 09:21:23.709'), (23486941, 9, 3.5, 3.880000, '2018-04-01 09:21:23.709'), (23486941, 9, 4.5, 6.400000, '2018-04-01 09:21:23.709'), (23486941, 9, 5.5, 7.900000, '2018-04-01 09:21:23.709'), (23487059, 1, NULL, 1.325000, '2018-04-01 09:21:23.709'), (23487059, 10, 0.5, 6.450000, '2018-04-01 09:21:23.709'), (23487059, 10, 1.5, 2.950000, '2018-04-01 09:21:23.709'), (23487059, 10, 2, 2.380000, '2018-04-01 09:21:23.709'), (23487059, 10, 2.5, 1.870000, '2018-04-01 09:21:23.709'), (23487059, 10, 3, 1.370000, '2018-04-01 09:21:23.709'), (23487059, 10, 3.5, 1.250000, '2018-04-01 09:21:23.709'), (23487059, 10, 4.5, 1.080000, '2018-04-01 09:21:23.709'), (23487059, 10, 5.5, 1.020000, '2018-04-01 09:21:23.709'), (23487059, 10, 6.5, 1.001000, '2018-04-01 09:21:23.709'), (23487059, 11, 2.5, 2.490000, '2018-04-01 09:21:23.709'), (23487059, 11, 3.5, 6.000000, '2018-04-01 09:21:23.709'), (23487059, 11, 4.5, 11.000000, '2018-04-01 09:21:23.709'), (23487059, 11, 5.5, 37.000000, '2018-04-01 09:21:23.709'), (23487059, 12, 0.5, 6.500000, '2018-04-01 09:21:23.709'), (23487059, 12, 1.5, 2.500000, '2018-04-01 09:21:23.709'), (23487059, 12, 2.5, 1.390000, '2018-04-01 09:21:23.709'), (23487059, 12, 3.5, 1.110000, '2018-04-01 09:21:23.709'), (23487059, 12, 4.5, 1.020000, '2018-04-01 09:21:23.709'), (23487059, 12, 5.5, 1.001000, '2018-04-01 09:21:23.709'), (23487059, 13, 0.5, 2.260000, '2018-04-01 09:21:23.709'), (23487059, 13, 1.5, 8.000000, '2018-04-01 09:21:23.709'), (23487059, 13, 2.5, 36.000000, '2018-04-01 09:21:23.709'), (23487059, 13, 3.5, 176.000000, '2018-04-01 09:21:23.709'), (23487059, 14, 0.5, 1.540000, '2018-04-01 09:21:23.709'), (23487059, 2, NULL, 5.400000, '2018-04-01 09:21:23.709'), (23487059, 3, NULL, 11.000000, '2018-04-01 09:21:23.709'), (23487059, 4, NULL, 1.050000, '2018-04-01 09:21:23.709'), (23487059, 5, NULL, 1.168000, '2018-04-01 09:21:23.709'), (23487059, 6, NULL, 3.440000, '2018-04-01 09:21:23.709'), (23487059, 9, 0.5, 1.040000, '2018-04-01 09:21:23.709'), (23487059, 9, 1.5, 1.280000, '2018-04-01 09:21:23.709'), (23487059, 9, 2, 1.470000, '2018-04-01 09:21:23.709'), (23487059, 9, 2.5, 2.040000, '2018-04-01 09:21:23.709'), (23487059, 9, 3, 2.570000, '2018-04-01 09:21:23.709'), (23487059, 9, 3.5, 3.110000, '2018-04-01 09:21:23.709'), (23487059, 9, 4.5, 5.250000, '2018-04-01 09:21:23.709'), (23487059, 9, 5.5, 7.300000, '2018-04-01 09:21:23.709'), (23487059, 9, 6.5, 37.000000, '2018-04-01 09:21:23.709'), (23682573, 1, NULL, 2.184000, '2018-04-01 09:21:23.709'), (23682573, 10, 10.5, 1.300000, '2018-04-01 09:21:23.709'), (23682573, 10, 6.5, 2.875000, '2018-04-01 09:21:23.709'), (23682573, 10, 7.5, 2.220000, '2018-04-01 09:21:23.709'), (23682573, 10, 8.5, 1.830000, '2018-04-01 09:21:23.709'), (23682573, 10, 9.5, 1.485000, '2018-04-01 09:21:23.709'), (23682573, 11, 4.5, 2.216000, '2018-04-01 09:21:23.709'), (23682573, 12, 4.5, 1.660000, '2018-04-01 09:21:23.709'), (23682573, 13, 3.5, 1.690000, '2018-04-01 09:21:23.709'), (23682573, 14, 3.5, 2.170000, '2018-04-01 09:21:23.709'), (23682573, 2, NULL, 5.150000, '2018-04-01 09:21:23.709'), (23682573, 3, NULL, 2.370000, '2018-04-01 09:21:23.709'), (23682573, 4, NULL, 1.580000, '2018-04-01 09:21:23.709'), (23682573, 5, NULL, 1.160000, '2018-04-01 09:21:23.709'), (23682573, 6, NULL, 1.710000, '2018-04-01 09:21:23.709'), (23682573, 9, 10.5, 3.480000, '2018-04-01 09:21:23.709'), (23682573, 9, 6.5, 1.425000, '2018-04-01 09:21:23.709'), (23682573, 9, 7.5, 1.664000, '2018-04-01 09:21:23.709'), (23682573, 9, 8.5, 1.980000, '2018-04-01 09:21:23.709'), (23682573, 9, 9.5, 2.670000, '2018-04-01 09:21:23.709')
GO